id,first_name,last_name,gender,email,phone
biglion487,Duško,Nikolić,male,dusko.nikolic@example.com,029-0135-201
crazylion341,Sanni,Toivonen,female,sanni.toivonen@example.com,08-242-251
yellowsnake289,Yaropolk,Zvolinskiy,male,yaropolk.zvolinskiy@example.com,(067) P02-7909
blueladybug455,Renate,Kuhl,female,renate.kuhl@example.com,0296-8248967
reddog828,Roberta,Novaes,female,roberta.novaes@example.com,(67) 0213-7227
silverfish323,Frida,Hansen,female,frida.hansen@example.com,92499895
ticklishcat262,Ryder,Bouchard,male,ryder.bouchard@example.com,A06 H59-4136
yellowbird639,Fúlvia,Aragão,female,fulvia.aragao@example.com,(76) 5730-2504
goldenladybug155,Armando,Prieto,male,armando.prieto@example.com,(614) 941 7586
angryostrich520,Lilou,Fernandez,female,lilou.fernandez@example.com,02-49-37-21-34
organicfrog134,Thaïs,Hubert,female,thais.hubert@example.com,02-39-17-47-40
purpleswan952,Benjamin,Eidissen,male,benjamin.eidissen@example.com,71360088
sadfrog622,Fátima,Esteban,female,fatima.esteban@example.com,924-032-807
bluesnake763,Navya,Prajapati,female,navya.prajapati@example.com,8078108457
happymouse894,Volodimira,Lastoveckiy,female,volodimira.lastoveckiy@example.com,(067) T74-1911
bigbird555,Barbara,Hudson,female,barbara.hudson@example.com,071-106-3368
sadtiger733,Pedro,Castillo,male,pedro.castillo@example.com,(680) 723-8933
bigelephant549,Carolina,Crespo,female,carolina.crespo@example.com,926-480-377
angrytiger223,Oscar,Moreno,male,oscar.moreno@example.com,03-1497-3077
smallbutterfly358,Dalia,Patiño,female,dalia.patino@example.com,(658) 178 7801
yellowcat711,Nandita,Padmanabha,female,nandita.padmanabha@example.com,7658625264
heavypanda941,Robert,Daniels,male,robert.daniels@example.com,061-028-8041
greensnake833,Joann,Ford,female,joann.ford@example.com,04-3864-5016
ticklishgoose259,Ryan,Morris,male,ryan.morris@example.com,05-9342-9323
heavydog862,Julia,Mitchell,female,julia.mitchell@example.com,O02 P56-8135
lazyzebra684,Milena,Živanović,female,milena.zivanovic@example.com,019-9039-919
happyostrich356,Daniel,White,male,daniel.white@example.com,(013)-850-6370
redostrich837,Isaac,Singh,male,isaac.singh@example.com,(046)-838-1665
crazyswan286,Dardan,Meurs,male,dardan.meurs@example.com,(0585) 816463
bigostrich325,Steven,Clarke,male,steven.clarke@example.com,021-257-1573
tinymeercat985,Viivi,Arola,female,viivi.arola@example.com,04-899-174
tinyswan501,Mirko,Preković,male,mirko.prekovic@example.com,028-8969-341
angryostrich238,Aleixo,Moura,male,aleixo.moura@example.com,(99) 0925-6703
smallbutterfly705,Mario,Wood,male,mario.wood@example.com,013873 41798
smallmouse448,Randolf,De Wind,male,randolf.dewind@example.com,(014) 2168296
bigdog675,Ansh,Anand,male,ansh.anand@example.com,8671324146
whitekoala984,Lucas,Morris,male,lucas.morris@example.com,(336)-237-5939
yellowostrich759,Enrique,Rhodes,male,enrique.rhodes@example.com,05-4834-0687
angryzebra233,Miodrag,Peković,male,miodrag.pekovic@example.com,025-6702-809
crazyduck557,Ninja,Hop,female,ninja.hop@example.com,(099) 1977762
smallrabbit304,Konrad,Finnesand,male,konrad.finnesand@example.com,38014800
silverbird728,Manita,Reitsema,female,manita.reitsema@example.com,(0247) 119071
tinykoala587,Marina,Guddal,female,marina.guddal@example.com,63021924
redbird931,Wiktoria,Hellstrøm,female,wiktoria.hellstrom@example.com,75019823
whitedog482,David,Medina,male,david.medina@example.com,944-469-608
bluemouse301,Janusz,Voit,male,janusz.voit@example.com,0645-0730654
angryfrog413,Ray,Sutton,male,ray.sutton@example.com,(237) 773-0169
purplepanda329,Astrid,Christiansen,female,astrid.christiansen@example.com,71908788
ticklishmouse251,Imre,Didriksen,male,imre.didriksen@example.com,54854740
tinybutterfly881,Noah,Ennis,male,noah.ennis@example.com,O93 P15-7433
beautifulfish797,Nicolas,Harcourt,male,nicolas.harcourt@example.com,Q67 S71-0550
crazyostrich500,Charles,Davies,male,charles.davies@example.com,(196)-116-9123
smallswan664,Ella,Rasmussen,female,ella.rasmussen@example.com,66343343
whiteleopard212,Pauline,Clement,female,pauline.clement@example.com,04-94-77-14-33
heavygoose994,زهرا,محمدخان,female,zhr.mhmdkhn@example.com,083-81920805
angryzebra693,Arnold,Rogers,male,arnold.rogers@example.com,(849) 785-1320
greenmeercat411,Marcus,Kristensen,male,marcus.kristensen@example.com,36883898
redpanda490,Nehrika,Gamskar,female,nehrika.gamskar@example.com,9076624902
whiterabbit145,Adílio,Pereira,male,adilio.pereira@example.com,(54) 8684-0690
goldentiger519,Sjors,Rommers,female,sjors.rommers@example.com,(034) 7289569
heavycat137,Norah,Olden,female,norah.olden@example.com,56999485
ticklishgoose813,Kristen,Steeves ,female,kristen.steeves@example.com,(259) 537-4925
happyzebra671,Donita,Mardhekar,female,donita.mardhekar@example.com,9787568648
goldendog596,Jeet,Bhardwaj,male,jeet.bhardwaj@example.com,9281616699
ticklishpanda818,Holly,Reed,female,holly.reed@example.com,071-124-6232
beautifulrabbit342,Joel,Keranen,male,joel.keranen@example.com,05-755-693
smallelephant110,Danielle,Burton,female,danielle.burton@example.com,09-0308-5071
heavysnake378,Benjamin,Kristensen,male,benjamin.kristensen@example.com,18261582
ticklishdog168,Rosario,Esteban,female,rosario.esteban@example.com,949-802-767
heavyfrog851,Mahdi,Celius,male,mahdi.celius@example.com,74623669
organicbird532,Ilona,Rantala,female,ilona.rantala@example.com,07-372-165
whitekoala516,Naksh,Fernandes,male,naksh.fernandes@example.com,8985879170
organicwolf196,Virginia,Angulo,female,virginia.angulo@example.com,(663) 525 6786
tinywolf836,Albina,Baumeister,female,albina.baumeister@example.com,0854-4707138
heavybird612,Luisa,Suarez,female,luisa.suarez@example.com,999-735-303
heavypanda627,Maria,Thomsen,female,maria.thomsen@example.com,76674796
orangefish551,Anna,Sulimi,female,anna.sulimi@example.com,(066) J51-4988
smalltiger572,Zlata,Vasić,female,zlata.vasic@example.com,022-0949-428
ticklishpeacock307,Isaac,Harris,male,isaac.harris@example.com,01635 461434
yellowswan447,Hannelore,Fromm,female,hannelore.fromm@example.com,0217-0076292
whiteladybug822,Sophie,Ryan,female,sophie.ryan@example.com,04-9009-2968
yellowmeercat649,Otto,Joki,male,otto.joki@example.com,08-969-499
tinydog135,Terrance,Miller,male,terrance.miller@example.com,01290 965599
goldenleopard755,Guillaume,Pierre,male,guillaume.pierre@example.com,076 012 53 68
orangeduck188,Ahmet,Evliyaoğlu,male,ahmet.evliyaoglu@example.com,(766)-000-7666
brownswan888,Hans D.,Hennig,male,hansd..hennig@example.com,0505-3633126
orangeleopard915,Viljami,Manni,male,viljami.manni@example.com,02-118-936
organicbear525,Cody,Harvey,male,cody.harvey@example.com,09-3646-8502
bluemouse796,Lilia,Trujillo,female,lilia.trujillo@example.com,(605) 173 1548
angrybear958,Zoe,Smith,female,zoe.smith@example.com,(693)-519-1981
tinyladybug930,Caterina,da Costa,female,caterina.dacosta@example.com,(06) 1795-4066
crazykoala938,Izzie,Elliott,female,izzie.elliott@example.com,021-807-6226
angrywolf756,Craig,Van Houdt,male,craig.vanhoudt@example.com,(041) 7376865
ticklishcat834,Krystyna,Griebel,female,krystyna.griebel@example.com,0192-4051068
bluepanda125,Martín,Leyva,male,martin.leyva@example.com,(663) 482 8954
heavyostrich730,پرهام,صدر,male,prhm.sdr@example.com,098-82164070
organicgorilla249,Mads,Møller,male,mads.moller@example.com,61251863
greengoose299,Dragomir,Spasojević,male,dragomir.spasojevic@example.com,039-8677-549
happymouse491,Tilde,Petersen,female,tilde.petersen@example.com,64025824
angrybear715,Gabriel,Brown,male,gabriel.brown@example.com,G43 C69-2899
greenpeacock987,Adolfine,Hiller,female,adolfine.hiller@example.com,0177-1260469
blackmouse775,Emma,Mattila,female,emma.mattila@example.com,04-208-656
lazyelephant115,Phoebe,Walker,female,phoebe.walker@example.com,(142)-426-1934
organicsnake135,Nathan,Scott,male,nathan.scott@example.com,M59 Y53-5277
sadsnake295,Sigmund,Warholm,male,sigmund.warholm@example.com,89821900
